{
  "cod":"200",
  "message":0,
  "cnt":40,
  "list":[
    {
      "dt":1605096000,
      "main":{
        "temp":290.12,
        "feels_like":289.3,
        "temp_min":290.12,
        "temp_max":290.48,
        "pressure":1019,
        "sea_level":1019,
        "grnd_level":1017,
        "humidity":90,
        "temp_kf":-0.36
      },
      "weather":[
        {
          "id":803,
          "main":"Clouds",
          "description":"broken clouds",
          "icon":"04d"
        }
      ],
      "clouds":{
        "all":54
      },
      "wind":{
        "speed":3.64,
        "deg":212
      },
      "visibility":10000,
      "pop":0,
      "sys":{
        "pod":"d"
      },
      "dt_txt":"2020-11-11 12:00:00"
    },
    {
      "dt":1605106800,
      "main":{
        "temp":292.05,
        "feels_like":290.98,
        "temp_min":292.05,
        "temp_max":292.67,
        "pressure":1018,
        "sea_level":1018,
        "grnd_level":1017,
        "humidity":85,
        "temp_kf":-0.62
      },
      "weather":[
        {
          "id":804,
          "main":"Clouds",
          "description":"overcast clouds",
          "icon":"04d"
        }
      ],
      "clouds":{
        "all":98
      },
      "wind":{
        "speed":4.54,
        "deg":204
      },
      "visibility":10000,
      "pop":0,
      "sys":{
        "pod":"d"
      },
      "dt_txt":"2020-11-11 15:00:00"
    },
    {
      "dt":1605117600,
      "main":{
        "temp":295.45,
        "feels_like":293.74,
        "temp_min":295.45,
        "temp_max":295.84,
        "pressure":1016,
        "sea_level":1016,
        "grnd_level":1015,
        "humidity":69,
        "temp_kf":-0.39
      },
      "weather":[
        {
          "id":804,
          "main":"Clouds",
          "description":"overcast clouds",
          "icon":"04d"
        }
      ],
      "clouds":{
        "all":99
      },
      "wind":{
        "speed":5.46,
        "deg":215
      },
      "visibility":10000,
      "pop":0,
      "sys":{
        "pod":"d"
      },
      "dt_txt":"2020-11-11 18:00:00"
    },
    {
      "dt":1605128400,
      "main":{
        "temp":294.28,
        "feels_like":293.47,
        "temp_min":294.28,
        "temp_max":294.32,
        "pressure":1015,
        "sea_level":1015,
        "grnd_level":1014,
        "humidity":79,
        "temp_kf":-0.04
      },
      "weather":[
        {
          "id":500,
          "main":"Rain",
          "description":"light rain",
          "icon":"10d"
        }
      ],
      "clouds":{
        "all":100
      },
      "wind":{
        "speed":4.76,
        "deg":200
      },
      "visibility":10000,
      "pop":0.36,
      "rain":{
        "3h":0.5
      },
      "sys":{
        "pod":"d"
      },
      "dt_txt":"2020-11-11 21:00:00"
    },
    {
      "dt":1605139200,
      "main":{
        "temp":293.01,
        "feels_like":292.25,
        "temp_min":293.01,
        "temp_max":293.01,
        "pressure":1014,
        "sea_level":1014,
        "grnd_level":1013,
        "humidity":88,
        "temp_kf":0
      },
      "weather":[
        {
          "id":501,
          "main":"Rain",
          "description":"moderate rain",
          "icon":"10n"
        }
      ],
      "clouds":{
        "all":100
      },
      "wind":{
        "speed":4.96,
        "deg":201
      },
      "visibility":7279,
      "pop":1,
      "rain":{
        "3h":3.25
      },
      "sys":{
        "pod":"n"
      },
      "dt_txt":"2020-11-12 00:00:00"
    },
    {
      "dt":1605150000,
      "main":{
        "temp":291.7,
        "feels_like":291.05,
        "temp_min":291.7,
        "temp_max":291.7,
        "pressure":1013,
        "sea_level":1013,
        "grnd_level":1012,
        "humidity":92,
        "temp_kf":0
      },
      "weather":[
        {
          "id":501,
          "main":"Rain",
          "description":"moderate rain",
          "icon":"10n"
        }
      ],
      "clouds":{
        "all":100
      },
      "wind":{
        "speed":4.46,
        "deg":208
      },
      "visibility":5485,
      "pop":1,
      "rain":{
        "3h":7.63
      },
      "sys":{
        "pod":"n"
      },
      "dt_txt":"2020-11-12 03:00:00"
    },
    {
      "dt":1605160800,
      "main":{
        "temp":291.99,
        "feels_like":292.46,
        "temp_min":291.99,
        "temp_max":291.99,
        "pressure":1013,
        "sea_level":1013,
        "grnd_level":1012,
        "humidity":94,
        "temp_kf":0
      },
      "weather":[
        {
          "id":500,
          "main":"Rain",
          "description":"light rain",
          "icon":"10n"
        }
      ],
      "clouds":{
        "all":100
      },
      "wind":{
        "speed":3.23,
        "deg":215
      },
      "visibility":10000,
      "pop":1,
      "rain":{
        "3h":2.31
      },
      "sys":{
        "pod":"n"
      },
      "dt_txt":"2020-11-12 06:00:00"
    },
    {
      "dt":1605171600,
      "main":{
        "temp":291.57,
        "feels_like":293.47,
        "temp_min":291.57,
        "temp_max":291.57,
        "pressure":1013,
        "sea_level":1013,
        "grnd_level":1012,
        "humidity":98,
        "temp_kf":0
      },
      "weather":[
        {
          "id":500,
          "main":"Rain",
          "description":"light rain",
          "icon":"10n"
        }
      ],
      "clouds":{
        "all":100
      },
      "wind":{
        "speed":1.34,
        "deg":258
      },
      "visibility":10000,
      "pop":1,
      "rain":{
        "3h":1.38
      },
      "sys":{
        "pod":"n"
      },
      "dt_txt":"2020-11-12 09:00:00"
    },
    {
      "dt":1605182400,
      "main":{
        "temp":289.25,
        "feels_like":285.91,
        "temp_min":289.25,
        "temp_max":289.25,
        "pressure":1015,
        "sea_level":1015,
        "grnd_level":1014,
        "humidity":73,
        "temp_kf":0
      },
      "weather":[
        {
          "id":500,
          "main":"Rain",
          "description":"light rain",
          "icon":"10d"
        }
      ],
      "clouds":{
        "all":100
      },
      "wind":{
        "speed":5.34,
        "deg":357
      },
      "visibility":10000,
      "pop":1,
      "rain":{
        "3h":0.5
      },
      "sys":{
        "pod":"d"
      },
      "dt_txt":"2020-11-12 12:00:00"
    },
    {
      "dt":1605193200,
      "main":{
        "temp":286.94,
        "feels_like":282.03,
        "temp_min":286.94,
        "temp_max":286.94,
        "pressure":1016,
        "sea_level":1016,
        "grnd_level":1015,
        "humidity":56,
        "temp_kf":0
      },
      "weather":[
        {
          "id":500,
          "main":"Rain",
          "description":"light rain",
          "icon":"10d"
        }
      ],
      "clouds":{
        "all":100
      },
      "wind":{
        "speed":5.46,
        "deg":12
      },
      "visibility":10000,
      "pop":0.68,
      "rain":{
        "3h":0.31
      },
      "sys":{
        "pod":"d"
      },
      "dt_txt":"2020-11-12 15:00:00"
    },
    {
      "dt":1605204000,
      "main":{
        "temp":285.99,
        "feels_like":281.04,
        "temp_min":285.99,
        "temp_max":285.99,
        "pressure":1016,
        "sea_level":1016,
        "grnd_level":1015,
        "humidity":48,
        "temp_kf":0
      },
      "weather":[
        {
          "id":500,
          "main":"Rain",
          "description":"light rain",
          "icon":"10d"
        }
      ],
      "clouds":{
        "all":100
      },
      "wind":{
        "speed":4.7,
        "deg":15
      },
      "visibility":10000,
      "pop":0.76,
      "rain":{
        "3h":0.5
      },
      "sys":{
        "pod":"d"
      },
      "dt_txt":"2020-11-12 18:00:00"
    },
    {
      "dt":1605214800,
      "main":{
        "temp":286.43,
        "feels_like":281.21,
        "temp_min":286.43,
        "temp_max":286.43,
        "pressure":1016,
        "sea_level":1016,
        "grnd_level":1015,
        "humidity":41,
        "temp_kf":0
      },
      "weather":[
        {
          "id":804,
          "main":"Clouds",
          "description":"overcast clouds",
          "icon":"04d"
        }
      ],
      "clouds":{
        "all":100
      },
      "wind":{
        "speed":4.68,
        "deg":17
      },
      "visibility":10000,
      "pop":0.44,
      "sys":{
        "pod":"d"
      },
      "dt_txt":"2020-11-12 21:00:00"
    },
    {
      "dt":1605225600,
      "main":{
        "temp":285.85,
        "feels_like":281.39,
        "temp_min":285.85,
        "temp_max":285.85,
        "pressure":1018,
        "sea_level":1018,
        "grnd_level":1017,
        "humidity":47,
        "temp_kf":0
      },
      "weather":[
        {
          "id":804,
          "main":"Clouds",
          "description":"overcast clouds",
          "icon":"04n"
        }
      ],
      "clouds":{
        "all":100
      },
      "wind":{
        "speed":3.91,
        "deg":31
      },
      "visibility":10000,
      "pop":0.36,
      "sys":{
        "pod":"n"
      },
      "dt_txt":"2020-11-13 00:00:00"
    },
    {
      "dt":1605236400,
      "main":{
        "temp":286.01,
        "feels_like":282.72,
        "temp_min":286.01,
        "temp_max":286.01,
        "pressure":1019,
        "sea_level":1019,
        "grnd_level":1018,
        "humidity":52,
        "temp_kf":0
      },
      "weather":[
        {
          "id":804,
          "main":"Clouds",
          "description":"overcast clouds",
          "icon":"04n"
        }
      ],
      "clouds":{
        "all":100
      },
      "wind":{
        "speed":2.61,
        "deg":54
      },
      "visibility":10000,
      "pop":0.2,
      "sys":{
        "pod":"n"
      },
      "dt_txt":"2020-11-13 03:00:00"
    },
    {
      "dt":1605247200,
      "main":{
        "temp":286.28,
        "feels_like":283.06,
        "temp_min":286.28,
        "temp_max":286.28,
        "pressure":1017,
        "sea_level":1017,
        "grnd_level":1016,
        "humidity":58,
        "temp_kf":0
      },
      "weather":[
        {
          "id":804,
          "main":"Clouds",
          "description":"overcast clouds",
          "icon":"04n"
        }
      ],
      "clouds":{
        "all":100
      },
      "wind":{
        "speed":3.01,
        "deg":79
      },
      "visibility":10000,
      "pop":0.28,
      "sys":{
        "pod":"n"
      },
      "dt_txt":"2020-11-13 06:00:00"
    },
    {
      "dt":1605258000,
      "main":{
        "temp":285.57,
        "feels_like":282.65,
        "temp_min":285.57,
        "temp_max":285.57,
        "pressure":1017,
        "sea_level":1017,
        "grnd_level":1016,
        "humidity":66,
        "temp_kf":0
      },
      "weather":[
        {
          "id":804,
          "main":"Clouds",
          "description":"overcast clouds",
          "icon":"04n"
        }
      ],
      "clouds":{
        "all":98
      },
      "wind":{
        "speed":2.94,
        "deg":108
      },
      "visibility":10000,
      "pop":0.12,
      "sys":{
        "pod":"n"
      },
      "dt_txt":"2020-11-13 09:00:00"
    },
    {
      "dt":1605268800,
      "main":{
        "temp":285.8,
        "feels_like":283.42,
        "temp_min":285.8,
        "temp_max":285.8,
        "pressure":1016,
        "sea_level":1016,
        "grnd_level":1015,
        "humidity":85,
        "temp_kf":0
      },
      "weather":[
        {
          "id":500,
          "main":"Rain",
          "description":"light rain",
          "icon":"10d"
        }
      ],
      "clouds":{
        "all":99
      },
      "wind":{
        "speed":3.54,
        "deg":111
      },
      "visibility":10000,
      "pop":0.6,
      "rain":{
        "3h":1.56
      },
      "sys":{
        "pod":"d"
      },
      "dt_txt":"2020-11-13 12:00:00"
    },
    {
      "dt":1605279600,
      "main":{
        "temp":287.02,
        "feels_like":284.26,
        "temp_min":287.02,
        "temp_max":287.02,
        "pressure":1015,
        "sea_level":1015,
        "grnd_level":1014,
        "humidity":87,
        "temp_kf":0
      },
      "weather":[
        {
          "id":500,
          "main":"Rain",
          "description":"light rain",
          "icon":"10d"
        }
      ],
      "clouds":{
        "all":100
      },
      "wind":{
        "speed":4.71,
        "deg":131
      },
      "visibility":10000,
      "pop":1,
      "rain":{
        "3h":0.75
      },
      "sys":{
        "pod":"d"
      },
      "dt_txt":"2020-11-13 15:00:00"
    },
    {
      "dt":1605290400,
      "main":{
        "temp":286.92,
        "feels_like":286.22,
        "temp_min":286.92,
        "temp_max":286.92,
        "pressure":1013,
        "sea_level":1013,
        "grnd_level":1012,
        "humidity":91,
        "temp_kf":0
      },
      "weather":[
        {
          "id":501,
          "main":"Rain",
          "description":"moderate rain",
          "icon":"10d"
        }
      ],
      "clouds":{
        "all":100
      },
      "wind":{
        "speed":2.03,
        "deg":314
      },
      "visibility":10000,
      "pop":1,
      "rain":{
        "3h":6.5
      },
      "sys":{
        "pod":"d"
      },
      "dt_txt":"2020-11-13 18:00:00"
    },
    {
      "dt":1605301200,
      "main":{
        "temp":286.82,
        "feels_like":283.72,
        "temp_min":286.82,
        "temp_max":286.82,
        "pressure":1013,
        "sea_level":1013,
        "grnd_level":1012,
        "humidity":69,
        "temp_kf":0
      },
      "weather":[
        {
          "id":500,
          "main":"Rain",
          "description":"light rain",
          "icon":"10d"
        }
      ],
      "clouds":{
        "all":99
      },
      "wind":{
        "speed":3.79,
        "deg":318
      },
      "visibility":10000,
      "pop":0.36,
      "rain":{
        "3h":0.38
      },
      "sys":{
        "pod":"d"
      },
      "dt_txt":"2020-11-13 21:00:00"
    },
    {
      "dt":1605312000,
      "main":{
        "temp":285.98,
        "feels_like":283.22,
        "temp_min":285.98,
        "temp_max":285.98,
        "pressure":1016,
        "sea_level":1016,
        "grnd_level":1015,
        "humidity":68,
        "temp_kf":0
      },
      "weather":[
        {
          "id":802,
          "main":"Clouds",
          "description":"scattered clouds",
          "icon":"03n"
        }
      ],
      "clouds":{
        "all":50
      },
      "wind":{
        "speed":2.97,
        "deg":304
      },
      "visibility":10000,
      "pop":0.32,
      "sys":{
        "pod":"n"
      },
      "dt_txt":"2020-11-14 00:00:00"
    },
    {
      "dt":1605322800,
      "main":{
        "temp":284.44,
        "feels_like":279.12,
        "temp_min":284.44,
        "temp_max":284.44,
        "pressure":1018,
        "sea_level":1018,
        "grnd_level":1017,
        "humidity":53,
        "temp_kf":0
      },
      "weather":[
        {
          "id":800,
          "main":"Clear",
          "description":"clear sky",
          "icon":"01n"
        }
      ],
      "clouds":{
        "all":0
      },
      "wind":{
        "speed":5.23,
        "deg":318
      },
      "visibility":10000,
      "pop":0,
      "sys":{
        "pod":"n"
      },
      "dt_txt":"2020-11-14 03:00:00"
    },
    {
      "dt":1605333600,
      "main":{
        "temp":282.31,
        "feels_like":276.72,
        "temp_min":282.31,
        "temp_max":282.31,
        "pressure":1018,
        "sea_level":1018,
        "grnd_level":1017,
        "humidity":56,
        "temp_kf":0
      },
      "weather":[
        {
          "id":800,
          "main":"Clear",
          "description":"clear sky",
          "icon":"01n"
        }
      ],
      "clouds":{
        "all":0
      },
      "wind":{
        "speed":5.33,
        "deg":321
      },
      "visibility":10000,
      "pop":0,
      "sys":{
        "pod":"n"
      },
      "dt_txt":"2020-11-14 06:00:00"
    },
    {
      "dt":1605344400,
      "main":{
        "temp":280.39,
        "feels_like":274.86,
        "temp_min":280.39,
        "temp_max":280.39,
        "pressure":1020,
        "sea_level":1020,
        "grnd_level":1019,
        "humidity":59,
        "temp_kf":0
      },
      "weather":[
        {
          "id":800,
          "main":"Clear",
          "description":"clear sky",
          "icon":"01n"
        }
      ],
      "clouds":{
        "all":0
      },
      "wind":{
        "speed":5.01,
        "deg":322
      },
      "visibility":10000,
      "pop":0,
      "sys":{
        "pod":"n"
      },
      "dt_txt":"2020-11-14 09:00:00"
    },
    {
      "dt":1605355200,
      "main":{
        "temp":279.54,
        "feels_like":274.68,
        "temp_min":279.54,
        "temp_max":279.54,
        "pressure":1022,
        "sea_level":1022,
        "grnd_level":1021,
        "humidity":62,
        "temp_kf":0
      },
      "weather":[
        {
          "id":800,
          "main":"Clear",
          "description":"clear sky",
          "icon":"01d"
        }
      ],
      "clouds":{
        "all":0
      },
      "wind":{
        "speed":4.03,
        "deg":326
      },
      "visibility":10000,
      "pop":0,
      "sys":{
        "pod":"d"
      },
      "dt_txt":"2020-11-14 12:00:00"
    },
    {
      "dt":1605366000,
      "main":{
        "temp":280.48,
        "feels_like":275.51,
        "temp_min":280.48,
        "temp_max":280.48,
        "pressure":1022,
        "sea_level":1022,
        "grnd_level":1021,
        "humidity":57,
        "temp_kf":0
      },
      "weather":[
        {
          "id":800,
          "main":"Clear",
          "description":"clear sky",
          "icon":"01d"
        }
      ],
      "clouds":{
        "all":0
      },
      "wind":{
        "speed":4.13,
        "deg":320
      },
      "visibility":10000,
      "pop":0,
      "sys":{
        "pod":"d"
      },
      "dt_txt":"2020-11-14 15:00:00"
    },
    {
      "dt":1605376800,
      "main":{
        "temp":283.08,
        "feels_like":278.94,
        "temp_min":283.08,
        "temp_max":283.08,
        "pressure":1020,
        "sea_level":1020,
        "grnd_level":1019,
        "humidity":47,
        "temp_kf":0
      },
      "weather":[
        {
          "id":800,
          "main":"Clear",
          "description":"clear sky",
          "icon":"01d"
        }
      ],
      "clouds":{
        "all":0
      },
      "wind":{
        "speed":2.9,
        "deg":317
      },
      "visibility":10000,
      "pop":0,
      "sys":{
        "pod":"d"
      },
      "dt_txt":"2020-11-14 18:00:00"
    },
    {
      "dt":1605387600,
      "main":{
        "temp":283.8,
        "feels_like":279.85,
        "temp_min":283.8,
        "temp_max":283.8,
        "pressure":1020,
        "sea_level":1020,
        "grnd_level":1019,
        "humidity":45,
        "temp_kf":0
      },
      "weather":[
        {
          "id":800,
          "main":"Clear",
          "description":"clear sky",
          "icon":"01d"
        }
      ],
      "clouds":{
        "all":0
      },
      "wind":{
        "speed":2.65,
        "deg":301
      },
      "visibility":10000,
      "pop":0,
      "sys":{
        "pod":"d"
      },
      "dt_txt":"2020-11-14 21:00:00"
    },
    {
      "dt":1605398400,
      "main":{
        "temp":283,
        "feels_like":279.25,
        "temp_min":283,
        "temp_max":283,
        "pressure":1021,
        "sea_level":1021,
        "grnd_level":1020,
        "humidity":49,
        "temp_kf":0
      },
      "weather":[
        {
          "id":802,
          "main":"Clouds",
          "description":"scattered clouds",
          "icon":"03n"
        }
      ],
      "clouds":{
        "all":34
      },
      "wind":{
        "speed":2.45,
        "deg":342
      },
      "visibility":10000,
      "pop":0,
      "sys":{
        "pod":"n"
      },
      "dt_txt":"2020-11-15 00:00:00"
    },
    {
      "dt":1605409200,
      "main":{
        "temp":282.78,
        "feels_like":279.43,
        "temp_min":282.78,
        "temp_max":282.78,
        "pressure":1021,
        "sea_level":1021,
        "grnd_level":1020,
        "humidity":49,
        "temp_kf":0
      },
      "weather":[
        {
          "id":804,
          "main":"Clouds",
          "description":"overcast clouds",
          "icon":"04n"
        }
      ],
      "clouds":{
        "all":100
      },
      "wind":{
        "speed":1.84,
        "deg":319
      },
      "visibility":10000,
      "pop":0,
      "sys":{
        "pod":"n"
      },
      "dt_txt":"2020-11-15 03:00:00"
    },
    {
      "dt":1605420000,
      "main":{
        "temp":282.56,
        "feels_like":280.21,
        "temp_min":282.56,
        "temp_max":282.56,
        "pressure":1020,
        "sea_level":1020,
        "grnd_level":1019,
        "humidity":50,
        "temp_kf":0
      },
      "weather":[
        {
          "id":804,
          "main":"Clouds",
          "description":"overcast clouds",
          "icon":"04n"
        }
      ],
      "clouds":{
        "all":100
      },
      "wind":{
        "speed":0.42,
        "deg":349
      },
      "visibility":10000,
      "pop":0,
      "sys":{
        "pod":"n"
      },
      "dt_txt":"2020-11-15 06:00:00"
    },
    {
      "dt":1605430800,
      "main":{
        "temp":282.5,
        "feels_like":279.8,
        "temp_min":282.5,
        "temp_max":282.5,
        "pressure":1019,
        "sea_level":1019,
        "grnd_level":1018,
        "humidity":51,
        "temp_kf":0
      },
      "weather":[
        {
          "id":803,
          "main":"Clouds",
          "description":"broken clouds",
          "icon":"04n"
        }
      ],
      "clouds":{
        "all":73
      },
      "wind":{
        "speed":0.96,
        "deg":216
      },
      "visibility":10000,
      "pop":0,
      "sys":{
        "pod":"n"
      },
      "dt_txt":"2020-11-15 09:00:00"
    },
    {
      "dt":1605441600,
      "main":{
        "temp":281.97,
        "feels_like":278.66,
        "temp_min":281.97,
        "temp_max":281.97,
        "pressure":1020,
        "sea_level":1020,
        "grnd_level":1019,
        "humidity":52,
        "temp_kf":0
      },
      "weather":[
        {
          "id":803,
          "main":"Clouds",
          "description":"broken clouds",
          "icon":"04d"
        }
      ],
      "clouds":{
        "all":54
      },
      "wind":{
        "speed":1.79,
        "deg":243
      },
      "visibility":10000,
      "pop":0,
      "sys":{
        "pod":"d"
      },
      "dt_txt":"2020-11-15 12:00:00"
    },
    {
      "dt":1605452400,
      "main":{
        "temp":284.17,
        "feels_like":279.59,
        "temp_min":284.17,
        "temp_max":284.17,
        "pressure":1020,
        "sea_level":1020,
        "grnd_level":1019,
        "humidity":45,
        "temp_kf":0
      },
      "weather":[
        {
          "id":800,
          "main":"Clear",
          "description":"clear sky",
          "icon":"01d"
        }
      ],
      "clouds":{
        "all":0
      },
      "wind":{
        "speed":3.61,
        "deg":195
      },
      "visibility":10000,
      "pop":0,
      "sys":{
        "pod":"d"
      },
      "dt_txt":"2020-11-15 15:00:00"
    },
    {
      "dt":1605463200,
      "main":{
        "temp":286.44,
        "feels_like":281.19,
        "temp_min":286.44,
        "temp_max":286.44,
        "pressure":1017,
        "sea_level":1017,
        "grnd_level":1016,
        "humidity":39,
        "temp_kf":0
      },
      "weather":[
        {
          "id":800,
          "main":"Clear",
          "description":"clear sky",
          "icon":"01d"
        }
      ],
      "clouds":{
        "all":0
      },
      "wind":{
        "speed":4.58,
        "deg":192
      },
      "visibility":10000,
      "pop":0,
      "sys":{
        "pod":"d"
      },
      "dt_txt":"2020-11-15 18:00:00"
    },
    {
      "dt":1605474000,
      "main":{
        "temp":287.25,
        "feels_like":282.52,
        "temp_min":287.25,
        "temp_max":287.25,
        "pressure":1015,
        "sea_level":1015,
        "grnd_level":1014,
        "humidity":46,
        "temp_kf":0
      },
      "weather":[
        {
          "id":800,
          "main":"Clear",
          "description":"clear sky",
          "icon":"01d"
        }
      ],
      "clouds":{
        "all":0
      },
      "wind":{
        "speed":4.53,
        "deg":194
      },
      "visibility":10000,
      "pop":0,
      "sys":{
        "pod":"d"
      },
      "dt_txt":"2020-11-15 21:00:00"
    },
    {
      "dt":1605484800,
      "main":{
        "temp":286.21,
        "feels_like":281.46,
        "temp_min":286.21,
        "temp_max":286.21,
        "pressure":1015,
        "sea_level":1015,
        "grnd_level":1014,
        "humidity":58,
        "temp_kf":0
      },
      "weather":[
        {
          "id":800,
          "main":"Clear",
          "description":"clear sky",
          "icon":"01n"
        }
      ],
      "clouds":{
        "all":9
      },
      "wind":{
        "speed":5.18,
        "deg":206
      },
      "visibility":10000,
      "pop":0,
      "sys":{
        "pod":"n"
      },
      "dt_txt":"2020-11-16 00:00:00"
    },
    {
      "dt":1605495600,
      "main":{
        "temp":285.7,
        "feels_like":281.77,
        "temp_min":285.7,
        "temp_max":285.7,
        "pressure":1014,
        "sea_level":1014,
        "grnd_level":1013,
        "humidity":67,
        "temp_kf":0
      },
      "weather":[
        {
          "id":800,
          "main":"Clear",
          "description":"clear sky",
          "icon":"01n"
        }
      ],
      "clouds":{
        "all":0
      },
      "wind":{
        "speed":4.49,
        "deg":218
      },
      "visibility":10000,
      "pop":0,
      "sys":{
        "pod":"n"
      },
      "dt_txt":"2020-11-16 03:00:00"
    },
    {
      "dt":1605506400,
      "main":{
        "temp":286.23,
        "feels_like":282.38,
        "temp_min":286.23,
        "temp_max":286.23,
        "pressure":1011,
        "sea_level":1011,
        "grnd_level":1011,
        "humidity":72,
        "temp_kf":0
      },
      "weather":[
        {
          "id":802,
          "main":"Clouds",
          "description":"scattered clouds",
          "icon":"03n"
        }
      ],
      "clouds":{
        "all":33
      },
      "wind":{
        "speed":4.89,
        "deg":223
      },
      "visibility":10000,
      "pop":0,
      "sys":{
        "pod":"n"
      },
      "dt_txt":"2020-11-16 06:00:00"
    },
    {
      "dt":1605517200,
      "main":{
        "temp":286.41,
        "feels_like":283.76,
        "temp_min":286.41,
        "temp_max":286.41,
        "pressure":1010,
        "sea_level":1010,
        "grnd_level":1009,
        "humidity":79,
        "temp_kf":0
      },
      "weather":[
        {
          "id":804,
          "main":"Clouds",
          "description":"overcast clouds",
          "icon":"04n"
        }
      ],
      "clouds":{
        "all":88
      },
      "wind":{
        "speed":3.73,
        "deg":229
      },
      "visibility":10000,
      "pop":0,
      "sys":{
        "pod":"n"
      },
      "dt_txt":"2020-11-16 09:00:00"
    }
  ],
  "city":{
    "id":0,
    "name":"New York",
    "coord":{
      "lat":40.7484,
      "lon":-73.9967
    },
    "country":"US",
    "population":0,
    "timezone":-18000,
    "sunrise":1605094730,
    "sunset":1605130888
  }
}